dataset_size,role,minimum_salary,null_percent,visible_rows,selectivity,postgres_avg_ms,postgres_stddev_ms,reader_avg_ms,reader_stddev_ms,speedup,policy_resolution_ms,warmup_runs,measured_runs,soundness,completeness,results_match
1000,it_user,0,5,318,0.318,0.5626799975289032,0.06468042183238829,1.6749800008255988,0.0076496342079994785,0.3359323677008429,8.304999995743856,2,5,True,True,True
1000,hr_user,0,5,316,0.316,0.4450999986147508,0.01822320662100106,1.686659999541007,0.01933889696288002,0.2638943229434957,1.7309000104432926,2,5,True,True,True
1000,finance_user,0,5,317,0.317,0.4679200006648898,0.04007988445522354,1.697179998154752,0.02824751554431744,0.2757044044671943,1.7026999994413927,2,5,True,True,True
1000,it_user,70000,5,166,0.166,0.4161199991358444,0.03672753667212404,1.9639600039226934,0.0419154893862426,0.2118780414594553,1.6192000039154664,2,5,True,True,True
1000,hr_user,70000,5,166,0.166,0.3949800011469051,0.019246479037945907,3.52712000021711,0.8960055289646941,0.11198371507705787,1.5562000044155866,2,5,True,True,True
1000,finance_user,70000,5,168,0.168,0.43841999722644687,0.03000553350273811,1.972480001859367,0.025257316539212663,0.22226841175229575,1.9332999945618212,2,5,True,True,True
1000,it_user,100000,5,65,0.065,0.34058000601362437,0.06795929819756093,1.9409799977438524,0.029063502211163158,0.17546806582731725,1.5864999877521768,2,5,True,True,True
1000,hr_user,100000,5,69,0.069,0.29633999802172184,0.03877683516981332,2.0066400000359863,0.0872006496271668,0.14767970239624814,1.6047999961301684,2,5,True,True,True
1000,finance_user,100000,5,64,0.064,0.2936799981398508,0.03225549403966932,1.946100001805462,0.015681356919530758,0.15090694099347107,1.747999995131977,2,5,True,True,True
10000,it_user,0,5,3168,0.3168,3.811739999218844,1.316689100285194,17.406600000686012,0.6807776814404131,0.21898245487738094,1.8149999959859997,2,5,True,True,True
10000,hr_user,0,5,3166,0.3166,2.9519000032451004,0.0877359354824257,17.34438000130467,0.10068409706236911,0.17019345765158822,1.7245000053662807,2,5,True,True,True
10000,finance_user,0,5,3167,0.3167,2.7887400006875396,0.07933408515037721,17.34456000267528,0.236021640052531,0.16078470715067983,1.8669999990379438,2,5,True,True,True
10000,it_user,70000,5,1667,0.1667,2.0892600005026907,0.22123976576801813,20.22086000069976,1.282471141474336,0.10332201500976666,1.6071999998530373,2,5,True,True,True
10000,hr_user,70000,5,1665,0.1665,1.8084000039380044,0.15984250520117008,21.16111999785062,2.823127016756573,0.08545861486167497,1.7208000062964857,2,5,True,True,True
10000,finance_user,70000,5,1667,0.1667,1.8299599993042648,0.11176275342035373,19.899020000593737,0.4434377491422083,0.09196231770457355,1.698499996564351,2,5,True,True,True
10000,it_user,100000,5,666,0.0666,1.155820005806163,0.10768484583903405,19.97863999567926,0.24484206068009537,0.057852787079407296,1.6494000010425225,2,5,True,True,True
10000,hr_user,100000,5,668,0.0668,1.1734599975170568,0.03492732131965979,19.422200004919432,0.05876755092476729,0.060418490038195063,1.807300010113977,2,5,True,True,True
10000,finance_user,100000,5,664,0.0664,1.1525799956871197,0.04573244714678931,19.85765999997966,0.5605623863162521,0.0580420853055345,1.6782000020612031,2,5,True,True,True
100000,it_user,0,5,31668,0.31668,42.454300000099465,17.913573427871228,173.75064000079874,3.1179396536506347,0.2443403949470592,2.1354000054998323,2,5,True,True,True
100000,hr_user,0,5,31666,0.31666,52.16184000601061,26.64584151040459,175.7413599989377,5.520496101241671,0.296810267123948,2.198399990447797,2,5,True,True,True
100000,finance_user,0,5,31667,0.31667,66.34132000035606,14.309054201383484,173.95808000001125,2.4247536220558685,0.38136383202408175,1.7311999981757253,2,5,True,True,True
100000,it_user,70000,5,16667,0.16667,48.38640000089072,16.66497361932084,198.42670000507496,2.180896462692083,0.24385024797395302,1.5662000078009441,2,5,True,True,True
100000,hr_user,70000,5,16663,0.16663,42.002340001636185,13.43584816406433,201.63982000085525,8.572483175576261,0.2083037963506317,2.064200001768768,2,5,True,True,True
100000,finance_user,70000,5,16669,0.16669,39.708140000584535,14.458659697203515,199.6389000065392,2.1817512854972465,0.19889981360989212,2.019999999902211,2,5,True,True,True
100000,it_user,100000,5,6666,0.06666,22.922559996368363,17.634544835344997,199.75963999459054,2.341776945211855,0.1147507073850809,1.7074999923352152,2,5,True,True,True
100000,hr_user,100000,5,6665,0.06665,19.906440001796,12.524580115633388,198.20984000107273,3.761788139282091,0.10043113904783064,1.9868000090355054,2,5,True,True,True
100000,finance_user,100000,5,6666,0.06666,19.968180000432767,12.873358316924497,198.28394000069238,1.4971870908272227,0.10070497893255016,1.9903000065824017,2,5,True,True,True
